{
  "accuracy": 0.7012987012987013,
  "precision": 0.5909090909090909,
  "recall": 0.48148148148148145,
  "f1": 0.5306122448979591,
  "roc_auc": 0.8137037037037037
}