{
  "accuracy": 0.7402597402597403,
  "precision": 0.6666666666666666,
  "recall": 0.5185185185185185,
  "f1": 0.5833333333333334,
  "roc_auc": 0.8094444444444445
}